File Name,File Name Refined Title,Google Scraped Title,Google Scraped Refined Title,Document Type,Document Snippet,Query,Institution,Source Link,Key Topics,Key Players,top_entities,top_verbs
FileContent.aspx,Filecontent.Aspx,BFD & SD Template for Pilot and Demo,Bfd & Sd Template For Pilot And Demo,Student Helping Document,"Block Flow Diagram and Supplemental Data Instructions and Overview:
NOTE:  The Block Flow Diagram (BFD) & Supplemental Data (SD) template is provided as a convenient method of documenting the information required to accurately assess the projects proposed in response to this FOA.  The use of the BFD & SD template is not required, but the data elements presented within the BFD & SD template are required.
Instructions and Overview:
The purpose of the BFD & SD is to assess the merits of the selected technology and the status of the process technology in order to gain an understanding of project risks and the potential viability of the proposed project.  Please answers all questions as thoroughly as possible based on current knowledge.
Please provide a BFD (a simplified example of a BFD can be found at the end of this PDF) for the entire envisioned process, from feedstock handling through final biofuel or product storage.  Please include and BFD for entire proposed project. Similarly,",biofuel conversion rate,eere-exchange.energy.gov,https://eere-exchange.energy.gov/FileContent.aspx?FileID=67818d8b-87dd-4285-804f-fb6c83232a24,"['Wastewater Generation Day', 'Conversion Efficiency', 'Biochemical Conversion Lignocellulosic Biomass', 'Fossil Energy Consumption Fossil', 'Carbon Fuel Efficiency Fuel', 'Final Biofuel Product Storage', 'Mass Energy Balance Information', 'Material Chemical Conversion Step']","['Fossil Energy Consumption', 'Carbon Fuel Efficiency', 'Golden National Renewable Energy', 'Block Flow Diagram', 'Block Flow Diagram Supplemental', 'Aerators Gas Absorption Separations', 'Proposed', 'Supplemental Data Template']","['Bfd', 'Gge', 'Block Flow Diagram And', 'Foa', 'Pdf', 'Supplemental Data Template', 'Aerators Gas Absorption Separations Gas Cleanup', 'Block Flow Diagram Supplemental Data Template', 'Proposed', 'Fossil Energy Consumption', 'Carbon Fuel Efficiency', 'Golden National Renewable Energy Laboratory']","['propose', 'include', 'describe', 'use', 'provide', 'require', 'show', 'follow', 'answer', 'expect', 'assess', 'base', 'envision', 'collect', 'alter']"
template_nbeap_the_gambia_final_03032022.docx,Template Nbeap The Gambia Final 03032022,Template,Template,Student Helping Document,"Country Flag
National Bioenergy Action Plan
Xxxxx (insert country)
Period [2022-2030]
Within the implementation of the
ECOWAS Bioenergy Policy (EBEP)",biofuel conversion rate,ecreee.org,https://www.ecreee.org/wp-content/uploads/2024/01/template_nbeap_the_gambia_final_03032022.docx,"['Generation Biofuels', 'Total Electricity Generation', 'Power Generation Sustainable Biofuels', 'Dependent Diesel Electricity Generation', 'Generation Electricity', 'Electric Energy', 'Electricity Generation', 'Conversion Energy']","['Generation Biofuels', 'Energy Efficiency', 'Consolidated National Energy Efficiency', 'Neeap National Energy Efficiency', 'Tpes Total Primary Energy', 'Small Scale Hydro Power', 'Nreap National Renewable Energy', 'Table Energy Consumption']","['Ecowas', 'Lpg', 'Bioelectricity', 'Erep', 'Table National', 'Bioenergy', 'Ecreee', 'Table Ecowas Bioenergy Policy Targets', 'Ics Alternative', 'Traditional Wood', 'Table Energy', 'Note Energy', 'Nbeaps', 'Table Energy Consumption', 'Lpg Cylinder']","['use', 'include', 'produce', 'improve', 'instal', 'connect', 'provide', 'reduce', 'indicate', 'plan', 'follow', 'specify', 'exist', 'generate', 'promote']"
attachment,Attachment,https://ec.europa.eu/transparency/comitology-regis...,UNTITLED (Topic : biofuel conversion rate),Student Helping Document,"EN
Annex VIII
Horizon Europe
Work Programme 2026-2027
8. Climate, Energy and Mobility
DISCLAIMER",biofuel conversion rate,ec.europa.eu,https://ec.europa.eu/transparency/comitology-register/core/api/integration/ers/498173/107811/4/attachment,"['Clean Energy Transition Power', 'Clean Energy Transition Cofund', 'Clean Energy Transition', 'Long Duration Energy Storage', 'Such Energy Efficiency Cost', 'Reliable Flexible Energy Flow', 'Improvements Grid Reliability', 'Higher Energy Efficiency Savings']","['Clean Energy Transition Cofund', 'Solar Heating', 'Energy Efficient End Use', 'Clean Energy Technology', 'Photovoltaic Power Systems', 'Energy Performance Buildings Construction', 'Energy Efficiency Directive', 'International Partnership Energy Efficiency']","['European', 'Ccam', 'Europe', 'Societal Readiness', 'Ssh', 'Jrc', 'Horizon Europe', 'Ghg', 'Associated Countries', 'The European Commission', 'Member States', 'Africa', 'African', 'The Joint Research Centre', 'Horizon']","['expect', 'include', 'contribute', 'develop', 'support', 'ensure', 'improve', 'use', 'follow', 'increase', 'address', 'consider', 'enhance', 'provide', 'base']"
R1-CE-6131-20221205153811.docx,R1 Ce 6131 20221205153811,R1-CE-6131-20221205153811.docx,R1 Ce 6131 20221205153811,Student Helping Document,"Dear Prof. Thongchai Rohitatisha SrinophakunWe have finished the review and made the decision on your manuscript entitled [Techno-economic Analysis of Bioethanol Production from Palm Oil Empty Fruitbunch ] which was submitted to the International Journal of Technology.We have decided that your manuscript Needs to be RevisedWe also send you the review result from the reviewers. Here is the detailreview result:Notes from Editor:1. Please revise according to the reviewer's comments, andhighlights the revised in a different color.
Highlights in   yellow color
2. It is suggested to include at least 3 relevant IJTech articles (2019 -present) as references.
Hossain, N., Zaini, J., Mahlia, T.M.I., 2018. The efficacy of the period of Saccharification on oil palm (Elaeis Guineensis) Trunk Sap Hydrolysis. International Journal of Technology, Volume 4, pp.652-662
Sugiarto, B., Dwinanda, M.F., Auliady, D., Andito, R.N., Muchar, M., Simanjuntak, C., 2021. Investigation of Cyclohexanol as an",biofuel conversion rate,ijtech.eng.ui.ac.id,https://ijtech.eng.ui.ac.id/uploads/submission/attachment/6131/R1-CE-6131-20221205153811.docx,"['Performance Spark Ignition Engine', 'Economical Feasibility Bioethanol Production', 'Advances Eco Fuels', 'Efficient Bioethanol Production', 'Presentation Ethanol Production Figures', 'Ethanol Production', 'Fuel Customer Requirement', 'Available Cloud Apace']","['Performance Spark Ignition Engine', 'Agriculture Natural Resources Volume', 'Effect Combustion Emission Characteristics', 'Process Engineering Economics', 'International Journal Technology Ijtech', 'International Journal Technology', 'Table Estimating', 'Cyclohexanol Oxygenated Additive']","['Agriculture And Natural Resources Volume', 'Ijtech', 'Saccharification', 'Cyclohexanol Oxygenated Additive', 'Its Effect The Combustion And Emission Characteristics Spark Ignition Engines', 'Wibowo Setiady Masuku Hamzah Fedori', 'The Performance Spark Ignition Engine', 'Marr', 'Thailand', 'Srinophakun', 'Palm Oil Empty Fruit', 'The International Journal Technology', 'Notes', 'Aspen', 'Aspen Plus']","['use', 'add', 'revise', 'explain', 'provide', 'show', 'make', 'estimate', 'address', 'decide', 'result', 'fill', 'give', 'conclude', 'produce']"
JMES-2022-Template.docx,Jmes 2022 Template,JMES-2022-Template.docx,Jmes 2022 Template,Student Helping Document,"J. Mater. Environ. Sci., 2022, Volume 13, Issue xx, Page xxxx-xxxx
http://www.jmaterenvironsci.com
Journal of Materials and
Environmental Science
ISSN : 2028-2508
e-ISSN : 2737-890X",biofuel conversion rate,jmaterenvironsci.com,https://www.jmaterenvironsci.com/Document/JMES-2022-Template.docx,"['Biomass Conversion', 'Waste Generation Rates', 'Hybrid Conversion Biomass', 'High Biochar Yield', 'Conversion Biomass Plastics Typologies', 'Key Carbon Negative Biofuels', 'Sustainability Factors', 'Conversion']","['Retort Heating Combustion', 'Biofuels', 'Environmental Management Sustainable Development', 'Journal Sustainable Development Studies', 'Department Chemical Engineering Jilali', 'Department Chemical Engineering Faculty', 'Blakeslee Biochar Key Carbon', 'Sustainable Water Resources Management']","['Sem', 'Table', 'Nigeria', 'Eds', 'Ighalo', 'Adeniyi Ighalo', 'Waste Management', 'Department Chemical Engineering Faculty Engineering And Technology University', 'Bity Country', 'Department Chemical Engineering Jilali University New Caty Country', 'African', 'Pennisetum Purpureum', 'Sem Phenom Prox', 'Plus', 'Navcam']","['use', 'introduce', 'determine', 'show', 'observe', 'increase', 'develop', 'range', 'heat', 'produce', 'describe', 'conduct', 'provide', 'place', 'take']"