File Name,File Name Refined Title,Google Scraped Title,Google Scraped Refined Title,First Slide Title,Document Type,Document Snippet,Total Slides,Query,Institution,Source Link,Key Topics,Key Players,top_entities,top_verbs,first_100_len
Attachment-D-Oil-and-Gas-SBAR-Pre-panel-presentation_20210622.pptx,Attachment D Oil And Gas Sbar Pre Panel Presentation 20210622,PowerPoint Presentation,Powerpoint Presentation,Oil And Natural Gas Sector New Source Performance Standards,Student Helping Document,"Oil and Natural Gas Sector
 New Source Performance Standards
Small Entity Representative Pre-Panel Outreach
June 2021",35,Oil and Gas,ipaa.org,https://www.ipaa.org/wp-content/uploads/2022/01/Attachment-D-Oil-and-Gas-SBAR-Pre-panel-presentation_20210622.pptx,"['Oil Gas Nsps', 'Oil Gas Owners', 'Heavy Oil Wells', 'Oil Gas Development', 'Oil Gas Sector', 'Methane Emissions Oil Natural', 'Onshore Oil Gas Wells', 'Oil Natural Gas Sector']","['Oil Gas Sector Overview', 'Methane Emissions Natural Gas', 'Methane Emissions Transmission Distribution', 'Equipment Leaks Natural Gas', 'Completions Reduced Emissions Completion', 'American Gas Association', 'Environment Sector Overview Methane', 'Epa Natural Gas Star']","['Epa', 'Nsps', 'Voc', 'Oil And Gas Sector Overview', 'The Executive Order', 'Oooo', 'Background Consultation', 'The Environment Sector Overview Methane Emissions', 'The Regulatory Process', 'The Clean Air Act Suggest', 'The Regulatory Flexibility Act Rfa', 'Section The Clean Air Act', 'Energy Requirements Technology', 'Executive Order Protecting Public Health', 'The Environment And Restoring Science Tackle The Climate Crisis']","['exist', 'consider', 'determine', 'select', 'use', 'provide', 'include', 'define', 'reevaluate', 'have', 'assume', 'continue', 'apply', 'base', 'monitor']","Oil And Natural Gas Sector
 New Source Performance Standards
Small Entity Representative Pre-Panel"
Holly-Pearen-presentation-ECOS-Fall-Meeting-2016.pptx,Holly Pearen Presentation Ecos Fall Meeting 2016,EDF PowerPoint Template,Edf Powerpoint Template,Pecos Cotton Pilot Project,Student Helping Document,"Texas RRC permitted pilot project

Texas A&M identified water parameters

30,000 bbls from a single well...",5,Oil and Gas,ecos.org,https://www.ecos.org/wp-content/uploads/2016/09/Holly-Pearen-presentation-ECOS-Fall-Meeting-2016.pptx,"['Processing Beneficial Use Oil', 'Uniform Statewide Recycling Criteria', 'Water Parameters', 'Water General Order', 'Municipal Wastewater Recycling', 'Constituent Limits', 'Well Development', 'Crop Season Total Acres']","['Beneficial Use Oil Gas', 'State Water Board', 'Gov Hickenlooper Senate Committee', 'Texas Rrc', 'Ddt', 'Cec']","['Texas Rrc', 'Texas', 'Gov Hickenlooper Senate Committee Energy And Natural Resources Feb', 'Ddt', 'Beneficial Use Oil And Gas Liquid Waste', 'Assumes', 'State Water Board', 'Recycling Criteria California Code Regulations Title Division Chapter', 'Cec']","['treat', 'assume', 'permit', 'identify', 'bbls', 'grow', 'drink', 'invest', 'eat', 'authorize', 'dewaste', 'meet', 'use', 'develop', 'declare']","Texas Rrc Permitted Pilot Project

Texas A&M Identified Water Parameters

30,000 Bbls From A Single"
NETAC_PC_TC_FY14-15_WorkPlan_Update_061313.pptx,Netac Pc Tc Fy14 15 Workplan Update 061313,Novato's PPT Template,Novato'S Ppt Template,Fy14-15 Work Plan,Student Helping Document,"FY14-15 Work Plan
Presentation to the NETAC 
Policy and Technical Committees

Sue Kemball-Cook and Greg Yarwood...",2,Oil and Gas,irp-cdn.multiscreensite.com,https://irp-cdn.multiscreensite.com/8ab28181/files/uploaded/NETAC_PC_TC_FY14-15_WorkPlan_Update_061313.pptx,"['Conventional Oil Gas Production', 'Oil Gas Emission Inventory', 'Sabine Industrial District Oil', 'Air Quality Planning Outreach', 'Northeast Texas Control Strategy', 'Road Emission Inventories', 'Conceptual Model Update', 'Satellite Data']","['Haynesville Shale Review', 'Sabine Industrial District Oil', 'Air', 'Northeast Texas Control', 'Photochemical', 'Netac Policy', 'Administrative']","['The Netac Policy And', 'Haynesville Shale Review', 'Northeast Texas Control', 'Photochemical', 'Air', 'Administrative', 'The Sabine Industrial District Oil']","['update', 'model', 'use']","Fy14-15 Work Plan
Presentation To The Netac 
Policy And Technical Committees

Sue Kemball-Cook And"
2019_ei_conference_nonpoint_training_7-28-2019.pptx,2019 Ei Conference Nonpoint Training 7 28 2019,PowerPoint Presentation,Powerpoint Presentation,"2019 Nonpoint Emissions Inventory Training Epa’S Emissions Inventory Conference July 29, 2019",Student Helping Document,"2019 Nonpoint Emissions Inventory Training 

EPA’s Emissions Inventory Conference
July 29, 2019",53,Oil and Gas,epa.gov,https://www.epa.gov/sites/default/files/2019-08/2019_ei_conference_nonpoint_training_7-28-2019.pptx,"['Oil Gas', 'Most Oil Gas Exploration', 'Coal Residual Oil Sulfur', 'Biogenic Soil Emissions Small', 'Emissions Factors', 'Emissions Description', 'Emissions', 'Majority Emissions Factors']","['Emissions', 'Nonpoint Emissions Total State', 'Eia Fuel Oil Kerosene', 'Wagon Wheel Nonpoint Emissions', 'Virgin Islands Emissions Calculations', 'Coal', 'Nemo Nonpoint Emissions Methodology', 'Total State Energy Data']","['Epa', 'Slt', 'Pss', 'Naics', 'Point', 'Crosswalk', 'Option', 'Abt Associates', 'Environmental Protection Agency', 'Biogenic', 'Solvent Utilization Agricultural', 'Epa Tools', 'Epa Nonpoint', 'Inconsistent', 'Nei Plan']","['use', 'base', 'submit', 'need', 'include', 'burn', 'create', 'click', 'develop', 'point', 'allow', 'calculate', 'estimate', 'provide', 'run']","2019 Nonpoint Emissions Inventory Training 

Epa’S Emissions Inventory Conference
July 29, 2019"
download.ashx,Download.Ashx,OSHA Template,Osha Template,Osha Process Safety Management,Student Helping Document,"Occupational Safety and Health Administration
December 2022 RRT 3 Meeting
Bethany Beach, DE
OSHAProcess Safety Management
Tracy Townsend
OSHA-Region 3...",9,Oil and Gas,nrt.org,https://www.nrt.org/site/download.ashx?counter=14974,"['Atmospheric Storage Tanks Oil', 'Substance Flammable Liquids', 'Fuel Part Process', 'Hazardous Chemicals', 'Chemnep Psm Covered Chemical', 'Retail Facilities Substances', 'Process Safety Information Process', 'Activity Directive Number Cpl']","['Chemnep Psm Covered Chemical', 'Process Safety Information Process', 'Process Safety Management Psm', 'Occupational Safety Health Administration', 'State Osh Plan', 'Osha Process Safety Management', 'National Office Incidents Releases', 'Dot']","['Occupational Safety And Health Administration', 'Bethany Beach', 'Osha Process Safety Management Psm Program', 'Process Safety Management Psm', 'Process Safety Information Process Hazard Analysis Operating Procedures Training Mechanical Integrity Management Change Pre Startup Review Compliance Audits', 'Federal Osha', 'Osha', 'State Osh Plan', 'Dot', 'Maryland', 'Chemnep Psm Covered Chemical Facilities National Emphasis Program', 'The National Office Incidents Releases Pema Alerts Local Government Police Fire Departments', 'Desk Tracy Townsend Enforcement Programs Psm Coordinator']","['dol', 'base', 'protect', 'include', 'train', 'permit', 'use', 'contain', 'regulate', 'store', 'unoccupie', 'approve', 'exempt', 'have', 'program']","Occupational Safety And Health Administration
December 2022 Rrt 3 Meeting
Bethany Beach, De"
10-2.a-Acitivy-Resport-2018-2020.pptx,10 2.A Acitivy Resport 2018 2020,10-2.a Activity Report 2018 2020,10 2.A Activity Report 2018 2020,January 2013,Student Helping Document,"10th Ordinary Steering Committee MeetingRAC/REMPEITC-CaribeSummary Report of ActivitiesJuly 2018 – May 2020LCDR. Floyd Patterson IMO Seconded ConsultantMaritime Authority of Jamaica
January...",10,Oil and Gas,new.racrempeitc.org,https://new.racrempeitc.org/wp-content/uploads/2022/05/10-2.a-Acitivy-Resport-2018-2020.pptx,"['Oil Pollution', 'Oil', 'Oil Pollution Virtual Xlii', 'National Oil Pollution Preparedness', 'Oil Hazardous Noxious Substances', 'Cartagena Convention Oil Spill', 'Covid Preparedness Response Oil', 'Feb Pollution Prevention Response']","['Oil Pollution Virtual', 'Response Oil Spills Facilitation', 'National Oil Pollution Preparedness', 'Sargassum Marine Spatial Planning', 'Sept High Level Dialogue', 'Wider Caribbean Region', 'National Contingency Plan', 'Ncp Help']","['Ncp', 'Oprc', 'Jamaica', 'The Wider Caribbean Region', 'Suriname', 'Ordinary Steering Committee Meeting', 'Rac Rempeitc Caribe Summary Report', 'Lcdr', 'The Cartagena Convention Oil Spill Protocol', 'The Oprc Convention', 'Hns Protocol', 'Bwm Mtgs Seminars Total', 'Mexico Nov', 'Convention Cuba Caribmep', 'Mexico']","['draft', 'need', 'cancel', 'ratify', 'make', 'develop', 'implement', 'response', 'link', 'exercise', 'shut', 'use', 'unison', 'waste', 'require']",10Th Ordinary Steering Committee MeetingRac/Rempeitc-CaribeSummary Report Of ActivitiesJuly 2018
6_Kimberly%20Todd%20-%20QA%20and%20QC.pptx,6 Kimberly Todd Qa And Qc,QA-QC Template presentation,Qa Qc Template Presentation,UNTITLED (Topic : Oil and Gas),Student Helping Document,"The Quality Assurance/
Quality Control (QA/QC) Plan
Presenter: Kimberly Todd
UNDP/UN-REDD
Prepared by: US EPA...",18,Oil and Gas,un-redd.org,https://www.un-redd.org/sites/default/files/2021-10/6_Kimberly%20Todd%20-%20QA%20and%20QC.pptx,"['Greenhouse Gas', 'Best Possible Estimates Emissions', 'Emissions Calculations Emissions Measurements', 'Fuel Consumption Inputs', 'Double Incomplete Estimates', 'Fuel Consumption Year Year', 'Last Verification Place', 'Unusual Trends']","['Greenhouse Gas National Inventory', 'Ipcc Good Practice', 'Quality Assurance Quality Control', 'Data Management', 'Enhance National Communication', 'Epa Regional African Workshop', 'Cross', 'Ensure']","['Establish', 'Epa Regional African Workshop National Forest Monitoring Systems', 'Greenhouse Gas National Inventory Systems', 'Zambia', 'The Quality Assurance Quality Control Plan', 'Ghg', 'Ensure', 'Develop', 'Enhance National Communication', 'Ipcc Good Practice', 'Cross', 'Follow', 'Data Management', 'Efs', 'Develop Plan']","['check', 'use', 'perform', 'link', 'conduct', 'follow', 'define', 'implement', 'include', 'ensure', 'identify', 'archive', 'develop', 'update', 'learn']","The Quality Assurance/
Quality Control (Qa/Qc) Plan
Presenter: Kimberly Todd
Undp/Un-Redd
Prepared"