File Name,File Name Refined Title,Google Scraped Title,Google Scraped Refined Title,Document Type,Total Sheets,Query,Institution,Source Link,Relevant Columns,Sheet Names,key_players,top_entities,top_verbs
download,Download,Version 4 - Data Sheets for Renewable Fuels,Version 4 Data Sheets For Renewable Fuels,Student Helping Document,26,biofuel conversion rate,ens.dk,https://ens.dk/media/4324/download,"['Ethanol/year, 1,000 tonnes/year', 'Biomass (tons/year)', 'Ethanol/year, MW', 'Biogas (%)', 'Biodiesel Output, MWH/MWh', 'Specific investment (M€/MWth)', 'Biogas (GJ/ton input)', 'Total O&M (€/MW/year)', 'Fixed O&M (€/MWth/year)', 'Variable O&M (€/MWhth)']","['Index', '81 Biogas Plant, Basic conf.', '81 Biogas Plant, Add. Straw', '81 Biogas Plant, Add. Org Waste', '82 Biogas, upgrading', '83 Gasif. Fixed Bed, Producer ', '84 Gasif. CFB, Bio-SNG', '85 Gasif. Ent. Flow FT, liq fu ', '86 SOEC', '87 PEM Electrolyser', '88 Alkaline Electrolyser', '89 Vegetable oil FAME', '90 UCO & animal fat FAME', '91 Hydrogenated veg oil', '92 HVO jet fuel', '93 1st generation ethanol', '94 Pyrolysis oils', '95 Cellulosic ethanol', '97 Methanol from biomass gasif.', '98 Methanol from power', '99 SNG from methan. of biogas', '100 Hydrothermal liquifaction', '101 Catalytic Hydropyrolysis 2', '101 Catalytic Hydropyrolysis 1', '102 Hydrogen to Jet', '102 Power to Jet']","['Power Methanol', 'Typical Fuel Input Capacity', 'Cost Auxiliary Electricity Consumption', 'Electricity Input Capacity', 'Biodiesel Output Mwh Mwh', 'Electricity Consumption Mwh Mwh', 'Power Consumption Mwh Mwh', 'Frequency Low Surplus Electricity']","['Energy Technical Data', 'Financial Data', 'Forced Outage', 'Planned Outage', 'Feedstock Consumption Mwh Mwh Total Input', 'Electricity Consumption Mwh Mwh Total Input', 'Energy Content Ton', 'Delrapport', 'Danish Energy Agency Biogas Taskforce', 'The Total Capital Cost Include Total Installed Cost Total Direct Costs And All Indirect Costs Such Engineering Construction Contractor Fee Contingency', 'Working Capital', 'Electricity Consumption Mwh Mwh Total Inputs', 'District Heating Output Mwh Mwh Total Input', 'The Plant Size Uncertainty Represents', 'The Plant Size Range Likely Limited']","['assume', 'base', 'include', 'ref', 'note', 'force', 'calculate', 'use', 'produce', 'increase', 'start', 'depend', 'have', 'estimate', 'consider']"
ghg-calculator-energy-storage_innovfund-lsc_en.xlsx,Ghg Calculator Energy Storage Innovfund Lsc En,GHG calculator: Energy storage - European Commission,Ghg Calculator: Energy Storage European Commission,Student Helping Document,13,biofuel conversion rate,ec.europa.eu,https://ec.europa.eu/info/funding-tenders/opportunities/docs/2021-2027/innovfund/other/ghg-calculator-energy-storage_innovfund-lsc_en.xlsx,"['Conversion factors', 'Reliability', 'Type of energy', 'Electricity', 'Energy type/Gas', 'Energy type/service', 'Sustainability requirements', 'Degree of Innovation', 'Unit of measure', 'Type of material', 'Project emissions', 'Initial version', 'Changes', 'Plant / Unit', 'Source of data']","['Overview', 'Summary', 'Reference emissions', 'Project emissions', 'Conversion factors', 'Other GHG emission avoidance', 'Net carbon removals', 'Assumptions', 'Checklist', 'Example GHG', 'Degree of Innovation', 'Scalability', 'History of changes table']","['Energy Efficiency Energy Savings', 'Biofuel Blend Motor', 'Total Energy Material Savings', 'Times Higher Efficiency Electric', 'Energy Savings', 'Emissions Electricity Production Single', 'Site Electricity Consumption Specified', 'Energy Savings Years']","['Projenergy', 'Refenergy', 'Primary Data', 'Data Unit', 'Projected Operational Data', 'Data Source', 'Projfug', 'Tco Unit Quantity Principal Product Please Replace With Adequate', 'Hydrogen', 'Ghg Emissions', 'Grand Total', 'Data Traceability', 'Projmob', 'The Reference Case Shall Consider The Provision The Service Ccgt Plant Running Electrical Efficiency', 'Project Emissions']","['complete', 'use', 'provide', 'include', 'need', 'supply', 'add', 'have', 'calculate', 'consider', 'exclude', 'require', 'base', 'avoid', 'follow']"
2022-template-biobalance-rev-20230222.xlsx,2022 Template Biobalance Rev 20230222,"Please read first
",Please Read First,Student Helping Document,13,biofuel conversion rate,environnement.public.lu,https://environnement.public.lu/content/dam/environnement/documents/emweltprozeduren/biofuels/2022-template-biobalance-rev-20230222.xlsx,"['Biofuel/energy type', 'Biodiesel', 'Select biofuel type', 'Biofuel production pathway', 'Declared fossil fuel', 'Diesel', 'Petrol', 'Biogas', 'Coal to liquid', 'Transition period', 'Natural bitumen', 'Select Feedstock', 'Oil crops', 'Conventional crude', 'Oil shale']","['Please read first', 'General information', '1 Fossil and other non biofuels', '2 Biofuels', '3 Electricity', '4 UER information', 'Notes', 'Summary-FQD', 'Summary-RED-Biofuel Obligation', 'Fuel stations', 'Printout', 'Lists', 'Sheet1']","['Quantity Energy Efficiency Factor', 'Biofuel Energy Type', 'Advanced Biofuels Biogas Feedstock', 'Conversion Factors Available Wtw', 'Quantity Electricity Consumed Defined', 'Select Fuel Energy Type', 'Energy Content Volume', 'Quantity Energy Calculated Product']","['Select Unit', 'Select Fuel Energy Type', 'Select Raw Material Source And Process', 'Select Biofuel Type', 'Select Feedstock', 'Select Biofuel Production Pathway', 'Venezuela', 'Canada', 'Indonesia', 'United Kingdom', 'Iraq', 'Nigeria', 'Angola', 'Australia', 'Colombia']","['enter', 'report', 'use', 'iran', 'specify', 'base', 'indicate', 'achieve', 'list', 'select', 'carry', 'belize', 'calculate', 'consider', 'etc']"
peer_review_worksheet.xlsx,Peer Review Worksheet,Worksheet (Excel),Worksheet (Excel),Student Helping Document,59,biofuel conversion rate,unfccc.int,https://unfccc.int/files/national_reports/non-annex_i_parties/application/vnd.openxmlformats-officedocument.spreadsheetml.sheet/peer_review_worksheet.xlsx,"['Autoproduction of electricity', 'Biomass burning', 'Non-energy product use', '8.5(3) Waste incineration', 'Methodology-biomass', 'Manure burning', '8.5(2) Wastewater treatment', '8.2 Energy', '8.4.2(2)2)⑥ Non-CO2 estimations', 'Coverage of industries', 'Direct emissions', 'Land use definition', 'Choice of Tier', 'Application of methods', 'Higher Tier methods']","['ToC', '6.1', '6.2', '6.3', '6.4', '6.5', '6.6', '7.1', '7.2', '7.3', '8.1', '8.2.1 (1)', '8.2.1 (2)', '8.2.2 (1)1)', '8.2.2 (1)2)', '8.2.2 (2)1) ', '8.2.2 (2)2) ', '8.2.2 (3)1) ', '8.2.2 (3)2)', '8.2.2 (4)1) ', '8.3.1 (1)', '8.3.1 (2) ', '8.3.1 (3)', '8.3.2 (1)', '8.3.2 (2)', '8.3.2 (3)', '8.3.2 (4)1)', '8.4.1 (1)1)', '8.4.1 (2)1)①', '8.4.1 (2)1)②', '8.4.1 (2)1)③', '8.4.1 (2)1)④', '8.4.1 (2)2)① ', '8.4.1 (2)3)① ', '8.4.1 (2)3)②', '8.4.1 (2)3)③ ', '8.4.1(2)4)①', '8.4.1(2)4)② ', '8.4.1(2)5)①', '8.4.1(2)5)②', '8.4.2 (1)1)', '8.4.2(1)2)①', '8.4.2(1)2)②', '8.4.2(1)2)③', '8.4.2(2)1)①', '8.4.2(2)1)②', '8.4.2(2)2)①', '8.4.2(2)2)②', '8.4.2(2)2)③', '8.4.2(2)2)④', '8.4.2(2)2⑤', '8.4.2(2)2)⑥', '8.5(1) ', '8.5(2) ', '8.5(3) ', 'ANNEX I', ' ANNEX II - 1', 'ANNEX II - 2', 'ANNEX II - 3']","['Ideal Condition Combustion Efficiency', 'Energy Statistics Available Most', 'Emissions Domestic Commercial Wastewater', 'Energy Cement Production Separate', 'Misallocation Emissions Transport Sector', 'Energy Use Wastes Country', 'Waste Incineration Energy Recovery', 'National Improvement Plan']","['Ipcc Guidelines Volume Chapter', 'Ipcc Guidelines Reference Manual Chapter', 'Ipcc Good Practice Guidance Chapter', 'Activity Data', 'Methods And Data Documentation', 'Annex Template', 'Non Energy Product Use', 'Inventory Arrangements', 'The Time Series', 'Indirect Emissions', 'National Inventory Improvement Plan', 'Biomass Fuels', 'Subsector', 'The Energy Sector', 'Tier Method Enteric Fermentation']","['use', 'report', 'include', 'check', 'provide', 'estimate', 'burn', 'have', 'apply', 'explain', 'exclude', 'consider', 'occur', 'cover', 'obtain']"
download,Download,Version 8 - Data Sheets for Renewable Fuels,Version 8 Data Sheets For Renewable Fuels,Student Helping Document,33,biofuel conversion rate,ens.dk,https://ens.dk/media/4264/download,"['Ethanol/year, 1,000 tonnes/year', 'Biomass (tons/year)', 'Ethanol/year, MW', 'Technical lifetime (years)', 'Biogas (%)', 'Construction time (years)', 'Biodiesel Output, MWH/MWh', 'Specific investment (M€/MWth)', 'Biogas (GJ/ton input)', 'Construction time (months)', 'Forced outage (%)', 'Total O&M (€/MW/year)', 'Fixed O&M (€/MWth/year)', 'Variable O&M (€/MWhth)']","['Index', '81 Biogas Plant, Basic conf.', '81 Biogas Plant, Add. Straw', '81 Biogas Plant, Add. Org Waste', '82 Biogas, upgrading', '83 Gasif. Fixed Bed, Producer ', '84 Gasif. CFB, Bio-SNG', '85 Gasif. Ent. Flow FT, liq fu ', '86 AEC 1MW', '86 AEC 100MW', '86 PEMEC 1MW', '86 PEMEC 100MW', '86 SOEC 1MW', '89 Vegetable oil FAME', '90 UCO & animal fat FAME', '91 Hydrogenated veg oil', '92 HVO jet fuel', '93 1st generation ethanol', '94 Pyrolysis oils', '95 Cellulosic ethanol', '97 Methanol from biomass gasif.', '98 Methanol from power', '99 SNG from methan. of biogas', '100 Hydrothermal liquifaction', '101 Catalytic Hydropyrolysis 2', '101 Catalytic Hydropyrolysis 1', '102 Hydrogen to Jet', '102 Power to Jet', '103 Hydrogen to Ammonia', '104 Methane pyrolysis, MBR', '104 Methane pyrolysis, Plasma', '105 Slow pyrolysis, Straw', '105 Slow pyrolysis, Digestate']","['Power Methanol', 'Typical Fuel Input Capacity', 'Cost Auxiliary Electricity Consumption', 'Electricity Input Capacity', 'Biodiesel Output Mwh Mwh', 'Values Electric Efficiencies', 'Electricity Consumption Mwh Mwh', 'Power Consumption Mwh Mwh']","['Energy Technical Data', 'Forced Outage', 'Financial Data', 'Planned Outage', 'Feedstock Consumption Mwh Mwh Total Input', 'Planned Outage Days Per Year', 'Electricity Consumption Mwh Mwh Total Input', 'Electricity Total Input Mwh Mwh', 'Hydrogen', 'Energy Content Ton', 'Hydrogen Total Input Mwh Mwh', 'Hhv Lhv Total Input Mwh Mwh', 'Hydrogen Mwh Input', 'Financial Data Price Level', 'Startup Cost Total Input Per Startup']","['include', 'assume', 'base', 'note', 'ref', 'force', 'increase', 'use', 'calculate', 'give', 'start', 'estimate', 'produce', 'have', 'accord']"
ENV42-2_Carbon-Footprint-model-template.xlsx,Env42 2 Carbon Footprint Model Template,Construction Carbon Model template,Construction Carbon Model Template,Student Helping Document,31,biofuel conversion rate,learninglegacy.crossrail.co.uk,https://learninglegacy.crossrail.co.uk/wp-content/uploads/2016/09/ENV42-2_Carbon-Footprint-model-template.xlsx,"['Fuel Check', 'Other fuel value', 'Date Fuel Check', 'Fuel type', 'Power Factor Correction', 'Efficient Site Offices', 'Biodiesel 100%', 'Fuel Consumption (Standard/Baseline)', 'Carbon Saving', 'LED Lighting', 'Tank capacity (l)', 'Natural Gas', 'Option 2', 'Option 3', 'Option 4']","['Instructions', 'Report', 'Savings Calculator', 'Actual-CO2 Calculations', 'Fuel Equipment', 'Fuel Equipment DD', 'Fuel Equipment Savings Calculat', 'Efficient Site Offices', 'Efficient Site Offices DD & Cal', 'Power Factor Correction', 'PFC Calculations', 'Lighting', 'Reduced Power Lighting Calculat', 'PIR Lighting Calculations', 'Hybrid Lighting Calculations', 'Behaviours', 'Behaviour Calculations', 'Water Calculations', 'Additional Initiatives', 'Scope 3 Transport', 'Scope 3 Embodied', 'Data Entry Fuel', 'Data Entry Electricity', 'Reference.Evidence1', 'Reference.Evidence2', 'Password', 'Cranes', 'Dumpers', 'Excavators', 'Generators', 'Scissor Lifts']","['Fuel Usage Efficient Equipment', 'Energy Emissions Performance Report', 'Diesel Average Biofuel Blend', 'Avg Fuel Savings', 'Energy Baseline Reduction Start', 'Electricity Fuel Data', 'Avg Fuel Consumption', 'Electricity Generated Scope']","['Diesel Average Biofuel Blend', 'Caterpillar', 'Volvo', 'Diesel Mineral Diesel', 'Genie', 'Percentage Contribution End Energy Reduction', 'Green Tariff', 'Office Lighting', 'Artic', 'Lpg', 'Referee For Section', 'Crawler', 'Liebherr Ltm', 'Terex', 'Kva Tower Power']","['require', 'use', 'produce', 'enable', 'have', 'calculate', 'drop', 'genie', 'start', 'save', 'change', 'rat', 'include', 'finish', 'articulate']"
Algae-LCA-and-TEA-Template.xlsx,Algae Lca And Tea Template,Algae - AssessCCUS - Global CO2 Initiative,Algae Assessccus Global Co2 Initiative,Student Helping Document,8,biofuel conversion rate,assessccus.globalco2initiative.org,https://assessccus.globalco2initiative.org/wp-content/uploads/Algae-LCA-and-TEA-Template.xlsx,"['Pump energy use', 'Conventional diesel emissions', 'Energy', 'Enhanced extraction conversion', 'Ancillary Equipment Factors', 'Equipment occupancy markup', 'Paddlewheel energy use', 'Annual production volume', 'Cost of capital', 'Reference Machine Cost', 'factor', 'Direct labor cost', 'Annual operating time', 'Reference Machine Throughput', 'Distributed paddlewheel cost']","['ABOUT', 'GOAL', 'SCOPE', 'INVENTORY', 'INDICATORS', 'IMPACT ASSESSMENT', 'INTERPRETATION', 'SOURCE GUIDE']","['Pump Energy Use', 'Appropriate Functional Unit Biodiesel', 'Energy Energy Put Process', 'Final Product Biodiesel', 'Netl Transport Cost Model', 'Potential Cheaper Conventional Diesel', 'Machine Energy Use', 'National Renewable Energy Laboratory']","['Continuous Stirred Tank Reactor', 'The Interpretation Phase', 'Hexane Annual', 'Algae', 'Kilograms Algal Biodiesel', 'Raceway Pond', 'Spray Drying Energy Kwh', 'Direct Labor', 'Indirect Labor', 'Capital Equipment', 'Utilities Electricity', 'Solar Electricity', 'Google Scholar', 'Techno Economic And Life Cycle Assessment Template', 'Potential Template Expansions']","['use', 'scale', 'take', 'increase', 'need', 'note', 'dry', 'help', 'reduce', 'assume', 'manufacture', 'conduct', 'calculate', 'create', 'capture']"
aff-application-form-appendix-h-ghg-calculation-v1-2.xlsx,Aff Application Form Appendix H Ghg Calculation V1 2,Guidance - Ricardo,Guidance Ricardo,Student Helping Document,18,biofuel conversion rate,ricardo.com,https://www.ricardo.com/media/vraowmrp/aff-application-form-appendix-h-ghg-calculation-v1-2.xlsx,"['Reference for LHV', 'From                                         To', 'Type of input/output', 'Description of input/output', 'Units', 'Value', 'nautical mile (nmi)', 'kilometre (km)', 'inch (in)', 'mile (mi)', 'Comments & questions', 'gal US', 'metre (m)', 'yard (yd)', 'gal UK']","['Guidance', 'Units', 'Assumptions', 'Summary', 'System Boundary', 'Additional evidence', 'RCF counterfactual', 'Feedstock collection', 'Feedstock transport', 'Pre-processing', 'Intermediate transport', 'Conversion', 'Further transport', 'Upgrading', 'Fuel distribution 1', 'Fuel storage', 'Fuel distribution 2', 'Refuelling']","['Energy Conversion Factors', 'Efficiency Feedstock Conversion Rcf', 'Biograce Biomass Electricity Heating', 'Power Conversion Factors', 'Feedstock Transport', 'Further Flow Details Energy', 'Equivalent Energy Flow Mwh', 'Biograce Biofuels Calculator']","['Chemicals', 'Ipcc Fifth Assessment Report Gwp Without Carbon Feedbacks', 'Further Flow Details Energy Source Type Distance Temperature Pressure Purity Moisture Content', 'Lower Heating Value Lhv', 'Equivalent Energy Flow Mwh Lhv', 'Energy Allocation Mjlhv Main Product Mjlhv All Module Products', 'Ghg Intensity Gco Material For Materials With Units', 'Ghg Intensity Gco Mjlhv Energy For Materials With Mwh Lhv Units', 'Ghg Emissions Gco Mjlhv Module Main Output Without Allocation', 'Catalyst', 'Biogenic Generated Onsite', 'Biogenic', 'Fossil Generated Onsite Combustion Diesel Nat Gas', 'Biogenic Captured And Sequestered', 'Biogenic Sequestered Given Credit Tonne Tonne']","['leave', 'account', 'supply', 'enter', 'give', 'use', 'note', 'generate', 'capture', 'provide', 'reject', 'operate', 'require', 'sequester', 'utilise']"
Diagnostics_template_2015-08-12.xlsx,Diagnostics Template 2015 08 12,data template,Data Template,Student Helping Document,6,biofuel conversion rate,tntcat.iiasa.ac.at,https://tntcat.iiasa.ac.at/ADVANCEWP1DB/static/download/Diagnostics_template_2015-08-12.xlsx,"['Energy Demand', 'Energy Supply', 'total final energy', 'Capacity', 'Efficiency', 'Cumulative coal extraction', 'Energy Service', 'Final Energy', 'Non-Biomass Renewables', 'Cumulative Capacity', 'Primary Energy', 'biomass producer price', 'Wind', 'Solar', 'Electricity']","['instructions', 'scenario protocol', 'data', 'variable definitions', 'comments ', 'meta_scenario']","['Conversion Efficiency Electricity Produced', 'Cumulative Capacity Electricity Coal', 'Conversion Efficiency Energy Content', 'Cumulative Capacity Electricity Biomass', 'Cumulative Capacity Electricity Wind', 'Cumulative Capacity Electricity Solar', 'Cumulative Installed Capacity Wind', 'Cumulative Installed Capacity Solar']","['Emissions Land Use', 'Cumulative Installed Capacity', 'Emissions Energy Supply And Demand', 'Ccs', 'Investment Energy Supply Electricity Fossil', 'Capital Cost Electricity Coal Ccs', 'Capital Cost Electricity Gas Ccs', 'Capital Cost Liquids Coal Ccs', 'Capital Cost Liquids Gas Ccs', 'Capital Cost Liquids Biomass Ccs', 'Capital Cost Gases Coal Ccs', 'Capital Cost Gases Biomass Ccs', 'Wind Power Units With Different Hub Height', 'The Additional Plant Types Adding Variables Efficiency', 'The Folding Time For Exponential Capacity Depreciation The Lifetime Should Refer The Plant Type For Which Capital Costs Have Been Reported Capital Cost For More Than One Plant Type Has Been Reported Modellers Should Report Lifetime For The Additional Plant Types Adding Variables Lifetime']","['report', 'document', 'technologie', 'add', 'recommend', 'include', 'refer', 'calculate', 'provide', 'fix', 'sum', 'assign', 'match', 'model', 'force']"