Title,Summary,Key Speakers,Institution,Important Figures/Statistics,Link,top_entities,top_transactions,top_stats,top_entities_sentences,top_entities_verbs,most_negative_sentences,most_positive_sentences,top_paired_entities,top_paired_concepts,top_words_and_frequencies
Accelerating Digital Banking Transformation in Indonesia,This webinar explores the acceleration of digital banking in Indonesia. Discussion focuses on API integration and security protocols. Present implications show a shift toward cashless ecosystems. Future trends suggest AI-driven credit scoring will dominate 2026.,"Budi Sadikin, Tigor Siahaan",Bank Central Asia (BCA),45% increase in mobile banking users; IDR 5.2 Trillion in digital transactions.,https://youtube.com/watch?v=bca_digital_2024,"[""BCA"", ""OJK"", ""Jakarta"", ""BI""]","[""Total investment in cybersecurity infrastructure reached IDR 1.2 Trillion this fiscal year.""]","[""Mobile banking adoption grew by 45% among millennial users in urban areas.""]","[""The server capacity was expanded to handle 10 million concurrent transactions per second.""]","[""integrate"", ""secure"", ""automate""]","[""Cybersecurity threats remain a critical bottleneck for rural digital adoption.""]","[""The seamless API integration has improved customer satisfaction by 30%.""]","{""BCA"": [""OJK"", ""Gojek""], ""BI"": [""Kemenkeu""]}","{""API"": [""Modular"", ""Secure""], ""Banking"": [""Decentralized""]}","{""Digital"": 0.92, ""Banking"": 0.88, ""Cybersecurity"": 0.75}"
Smart Plantation: IoT Applications for Palm Oil Efficiency,The session details the implementation of IoT in Indonesian palm oil plantations. It discusses haulage telemetry and soil monitoring sensors. Current data shows reduced waste in harvest cycles. Future logic points to autonomous drone pesticide distribution.,"Airlangga Hartarto, Luhut B.",Gapki (Indonesian Palm Oil Association),"15% reduction in fertilizer waste; 200,000 hectares monitored via satellite.",https://youtube.com/watch?v=palm_oil_iot_2025,"[""Gapki"", ""Riau"", ""LPP"", ""Sinar Mas""]","[""The purchase of 500 autonomous sensors cost the consortium IDR 850 Million.""]","[""Sensor accuracy improved crop yield predictions by 12% in the Riau region.""]","[""Monitoring covers a total area of 200,000 hectares across Sumatra and Kalimantan.""]","[""monitor"", ""optimize"", ""harvest""]","[""Lack of connectivity in remote Sumatra inhibits real-time data transmission.""]","[""IoT implementation has successfully reduced operational costs by 15%.""]","{""Gapki"": [""Telkom"", ""Sinar Mas""]}","{""IoT"": [""Distributed"", ""Real-time""], ""Soil"": [""Monitored""]}","{""IoT"": 0.95, ""Plantation"": 0.82, ""Yield"": 0.77}"
National Roadmap for Electric Vehicle Battery Production,"This seminar discusses the roadmap for EV battery production using local Nickel resources. Experts debate the environmental impact vs. economic gain. Currently, smelting capacity is expanding in Sulawesi. Future outlook predicts Indonesia becoming a global EV hub.","Bahlil Lahadalia, Moeldoko",Ministry of Investment (BKPM),$2.5 Billion investment from LG; 30% increase in Nickel matte output.,https://youtube.com/watch?v=ev_battery_id_2026,"[""BKPM"", ""LG Energy"", ""Sulawesi"", ""Mulia""]","[""The government secured a $2.5 Billion deal for the Integrated Battery Factory.""]","[""Nickel processing efficiency saw a 30% increase following the new smelter launch.""]","[""The Morowali site is currently producing 50,000 tons of battery-grade nickel per year.""]","[""smelt"", ""export"", ""process""]","[""Global price volatility for Nickel remains a threat to long-term smelting stability.""]","[""New processing tech has made Indonesia the most cost-effective EV battery producer.""]","{""BKPM"": [""LG Energy"", ""Hyundai""]}","{""Nickel"": [""Refined"", ""Battery-grade""], ""EV"": [""Integrated""]}","{""Nickel"": 0.98, ""Battery"": 0.91, ""Smelter"": 0.84}"
The Evolution of EdTech and Hybrid Learning in Indonesia,The webinar outlines the growth of EdTech platforms in Indonesia during the post-pandemic era. It highlights modular curriculum delivery and AI tutoring. Present logic focuses on hybrid learning models. Future trends suggest micro-credentialing will replace traditional degrees.,"Nadiem Makarim, Belva Devara",Ruangguru,10 Million active students; IDR 200 Billion seed funding for rural EdTech.,https://youtube.com/watch?v=edtech_future_2025,"[""Ruangguru"", ""Kemendikbud"", ""Jakarta"", ""Zenius""]","[""A new grant of IDR 200 Billion was allocated for digital literacy in Papua.""]","[""Student engagement on modular platforms increased by 22% compared to video calls.""]","[""Over 10 Million students are now registered on the national learning portal.""]","[""teach"", ""scale"", ""modularize""]","[""High data costs are the primary barrier for students in Tier 3 cities.""]","[""The use of AI tutors has improved mathematics test scores by 18%.""]","{""Ruangguru"": [""Kemendikbud"", ""Telkomsel""]}","{""Learning"": [""Modular"", ""Adaptive""], ""Curriculum"": [""Automated""]}","{""EdTech"": 0.89, ""Learning"": 0.85, ""Modular"": 0.81}"
Logistics 4.0: Automating Indonesia's Supply Chain,Discussion focuses on the logistics crisis and the role of automated haulage systems. It examines port congestion in Tanjung Priok and terminal efficiency. Current solutions involve AI route optimization. Future logic aims for fully autonomous trucking corridors.,"Erick Thohir, Bambang Susantono",Pelindo,20% reduction in port dwell time; IDR 3.4 Trillion for port automation.,https://youtube.com/watch?v=logistics_auto_2024,"[""Pelindo"", ""Tanjung Priok"", ""Kemenhub"", ""Logisly""]","[""Pelindo invested IDR 3.4 Trillion into the New Priok automated terminal.""]","[""Port dwell time was reduced by 20% through the use of the new TOS system.""]","[""The port now handles 7.5 Million TEUs annually with 95% automated tracking.""]","[""route"", ""automate"", ""dock""]","[""Manual handling errors at local warehouses cause a 10% loss in perishable goods.""]","[""The new AI routing system has cut fuel consumption for trucking fleets by 25%.""]","{""Pelindo"": [""Kemenhub"", ""TPS""]}","{""Logistics"": [""Autonomous"", ""Automated""], ""Port"": [""Smart""]}","{""Logistics"": 0.93, ""Port"": 0.87, ""Automation"": 0.82}"
Indonesia's Energy Transition: From Coal to Renewables,"The webinar analyzes the shift toward renewable energy, specifically Geothermal and Solar. It discusses the ""Early Retirement"" program for coal plants. Present implications show a slow but steady energy transition. Future logic targets Net Zero by 2060.","Arifin Tasrif, Sri Mulyani",PLN (Persero),$20 Billion Just Energy Transition Partnership (JETP) fund; 23% renewables target.,https://youtube.com/watch?v=energy_transition_2025,"[""PLN"", ""JETP"", ""ADB"", ""Pertamina""]","[""The JETP program provides a $20 Billion financing package for coal phase-out.""]","[""Indonesia aims to reach a 23% renewable energy mix by the end of 2025.""]","[""Geothermal sites in West Java are producing 2,000 MW of clean electricity.""]","[""transition"", ""decarbonize"", ""phase-out""]","[""Heavy reliance on coal subsidies continues to hinder renewable price parity.""]","[""Solar panel costs have dropped by 40%, making local adoption highly viable.""]","{""PLN"": [""ADB"", ""Pertamina""]}","{""Energy"": [""Renewable"", ""Clean""], ""Coal"": [""Retired""]}","{""Energy"": 0.96, ""Renewable"": 0.89, ""Transition"": 0.83}"
FMCG Resilience: Adapting to the Sachet Economy Shift,"This session focuses on the ""Sachet Economy"" and FMCG supply chain resilience. It examines consumer shifting patterns toward smaller packaging during inflation. Currently, manufacturers are optimizing micro-distribution. Future trends predict hyper-local subscription models for basics.","Haryanto Adikoesoemo, Anthoni Salim",Indofood,12% increase in sachet-size sales; IDR 1.5 Trillion in R&D for biodegradable plastic.,https://youtube.com/watch?v=fmcg_sachet_2025,"[""Indofood"", ""Unilever"", ""Jakarta"", ""Alfamart""]","[""Indofood spent IDR 1.5 Trillion on developing sustainable sachet packaging.""]","[""Sachet-sized product sales grew by 12% as consumer purchasing power weakened.""]","[""The distribution network now reaches 500,000 small kiosks (Warungs) nationwide.""]","[""distribute"", ""package"", ""shrink""]","[""High plastic waste from sachets has led to increased regulatory pressure from KLHK.""]","[""The micro-distribution model has increased market penetration in Tier 4 villages.""]","{""Indofood"": [""Alfamart"", ""GrabMart""]}","{""Packaging"": [""Sachet"", ""Biodegradable""], ""Supply"": [""Micro""]}","{""Sachet"": 0.91, ""FMCG"": 0.88, ""Consumer"": 0.79}"
Empowering MSMEs through Fintech and Digital Credit,The webinar highlights the integration of Fintech in the MSME (UMKM) sector. It discusses P2P lending and digital bookkeeping apps. Present data shows improved credit access for small businesses. Future logic points to blockchain-based supply chain financing.,"Sandiaga Uno, Teten Masduki",Kemenkop UKM,3 Million UMKM digitized; IDR 500 Billion in micro-loans distributed.,https://youtube.com/watch?v=umkm_fintech_2024,"[""Kemenkop"", ""OJK"", ""Amartha"", ""Bukalapak""]","[""Amartha successfully channeled IDR 500 Billion in loans to rural women entrepreneurs.""]","[""Digitized UMKM saw a 25% average increase in monthly revenue.""]","[""Over 3 Million small businesses have been onboarded to the digital QRIS system.""]","[""digitize"", ""lend"", ""onboard""]","[""Many MSMEs still struggle with high interest rates from unverified P2P lenders.""]","[""Digital bookkeeping has reduced accounting errors for small traders by 60%.""]","{""Kemenkop"": [""OJK"", ""Tokopedia""]}","{""Fintech"": [""Inclusive"", ""Digital""], ""Credit"": [""Micro""]}","{""UMKM"": 0.94, ""Fintech"": 0.90, ""Digital"": 0.82}"
Green Mining: Tech Solutions for Sustainable Coal Extraction,"This seminar evaluates the ""Green Mining"" initiative for the Indonesian coal sector. It discusses carbon capture and reclamation technologies. Current implications show a focus on high-calorie coal exports. Future logic anticipates a transition to ""Clean Coal"" technology.","Luhut Pandjaitan, Pandu Sjahrir",Adaro Energy,5% reduction in carbon emissions; IDR 2.1 Trillion for land reclamation.,https://youtube.com/watch?v=green_mining_2026,"[""Adaro"", ""BUMI"", ""Kalimantan"", ""KLHK""]","[""Adaro Energy committed IDR 2.1 Trillion for the 2026 reclamation project.""]","[""Carbon emissions per ton of coal extracted were reduced by 5%.""]","[""Reclamation efforts have successfully restored 15,000 hectares of former mining land.""]","[""reclaim"", ""extract"", ""capture""]","[""Open-pit mining continues to face severe criticism for local biodiversity loss.""]","[""The new methane capture system has improved the safety rating of the mines.""]","{""Adaro"": [""KLHK"", ""Hyundai""]}","{""Mining"": [""Green"", ""Sustainable""], ""Carbon"": [""Captured""]}","{""Mining"": 0.97, ""Coal"": 0.92, ""Sustainability"": 0.86}"
Securing the Future: Cybersecurity Architecture for IKN,"The session explores the role of Cybersecurity in protecting the New Capital City (IKN). It discusses biometric surveillance and encrypted government networks. Present focus is on ""Smart City"" defensive infrastructure. Future logic predicts AI-managed threat detection.","Budi Arie Setiadi, Hinsa Siburian",BSSN (Cyber and Crypto Agency),IDR 1.8 Trillion budget for IKN cyber-defense; 0% critical breaches in 2025 testing.,https://youtube.com/watch?v=ikn_cyber_2025,"[""BSSN"", ""Kominfo"", ""IKN"", ""Telkom""]","[""The government allocated IDR 1.8 Trillion for the IKN National Data Center.""]","[""IKN's internal network achieved a 99.9% uptime during the first security audit.""]","[""The surveillance system integrates 5,000 facial recognition cameras across the city.""]","[""secure"", ""encrypt"", ""defend""]","[""Shortage of local cybersecurity talent remains a significant risk for IKN's defense.""]","[""The new quantum-resistant encryption ensures long-term data sovereignty for IKN.""]","{""BSSN"": [""Kominfo"", ""Interpol""]}","{""Cybersecurity"": [""Quantum-resistant"", ""Encrypted""], ""City"": [""Smart""]}","{""Cybersecurity"": 0.99, ""IKN"": 0.93, ""Defense"": 0.88}"